instructor_id,instructor_name,email,bio
T0001,Dr. Blake Rodriguez,blake.rodriguez@faculty.example.edu,"Professor of Arts, research in Data Science."
T0002,Dr. Liam Taylor,liam.taylor@faculty.example.edu,"Professor of Languages, research in AI."
T0003,Dr. Blake Thompson,blake.thompson@faculty.example.edu,"Professor of Mathematics, research in Linguistics."
T0004,Dr. Mia Wilson,mia.wilson@faculty.example.edu,"Professor of Physics, research in Modern Art."
T0005,Dr. Noah Wang,noah.wang@faculty.example.edu,"Professor of Physics, research in Linguistics."
T0006,Dr. Olivia Garcia,olivia.garcia@faculty.example.edu,"Professor of Computer Science, research in Microeconomics."
T0007,Dr. Avery Rodriguez,avery.rodriguez@faculty.example.edu,"Professor of Languages, research in Linguistics."
T0008,Dr. Logan Gonzalez,logan.gonzalez@faculty.example.edu,"Professor of History, research in Linguistics."
T0009,Dr. Noah Gonzalez,noah.gonzalez@faculty.example.edu,"Professor of Arts, research in AI."
T0010,Dr. Skyler Wang,skyler.wang@faculty.example.edu,"Professor of Arts, research in Microeconomics."
T0011,Dr. Harper Lopez,harper.lopez@faculty.example.edu,"Professor of Biology, research in AI."
T0012,Dr. Noah Perez,noah.perez@faculty.example.edu,"Professor of Arts, research in Quantum Physics."
T0013,Dr. Parker Johnson,parker.johnson@faculty.example.edu,"Professor of Computer Science, research in Modern Art."
T0014,Dr. Sydney Gonzalez,sydney.gonzalez@faculty.example.edu,"Professor of Physics, research in Genetics."
T0015,Dr. Devin Lopez,devin.lopez@faculty.example.edu,"Professor of History, research in Microeconomics."
T0016,Dr. Rowan Harris,rowan.harris@faculty.example.edu,"Professor of History, research in AI."
T0017,Dr. Riley Thomas,riley.thomas@faculty.example.edu,"Professor of Business, research in Linguistics."
T0018,Dr. Sam Martin,sam.martin@faculty.example.edu,"Professor of Biology, research in Microeconomics."
T0019,Dr. Noah Lee,noah.lee@faculty.example.edu,"Professor of Business, research in Data Science."
T0020,Dr. Jordan Wilson,jordan.wilson@faculty.example.edu,"Professor of Physics, research in Modern Art."
T0021,Dr. Mia Martinez,mia.martinez@faculty.example.edu,"Professor of Physics, research in Modern Art."
T0022,Dr. Mia Johnson,mia.johnson@faculty.example.edu,"Professor of Biology, research in Genetics."
T0023,Dr. Liam Davis,liam.davis@faculty.example.edu,"Professor of Computer Science, research in Linguistics."
T0024,Dr. Liam Miller,liam.miller@faculty.example.edu,"Professor of Arts, research in Data Science."
T0025,Dr. Sophia Sanchez,sophia.sanchez@faculty.example.edu,"Professor of Arts, research in Microeconomics."
T0026,Dr. Logan Garcia,logan.garcia@faculty.example.edu,"Professor of Arts, research in Data Science."
T0027,Dr. Cameron Thompson,cameron.thompson@faculty.example.edu,"Professor of Mathematics, research in AI."
T0028,Dr. Jordan Johnson,jordan.johnson@faculty.example.edu,"Professor of Mathematics, research in AI."
T0029,Dr. Casey Rodriguez,casey.rodriguez@faculty.example.edu,"Professor of Physics, research in Data Science."
T0030,Dr. Dylan Brown,dylan.brown@faculty.example.edu,"Professor of History, research in AI."
T0031,Dr. Jordan Taylor,jordan.taylor@faculty.example.edu,"Professor of Business, research in Quantum Physics."
T0032,Dr. Emma Gonzalez,emma.gonzalez@faculty.example.edu,"Professor of Business, research in Data Science."
T0033,Dr. Skyler Gonzalez,skyler.gonzalez@faculty.example.edu,"Professor of Biology, research in Quantum Physics."
T0034,Dr. Avery Moore,avery.moore@faculty.example.edu,"Professor of Physics, research in Genetics."
T0035,Dr. Logan Martinez,logan.martinez@faculty.example.edu,"Professor of Arts, research in Linguistics."
T0036,Dr. Avery Harris,avery.harris@faculty.example.edu,"Professor of Computer Science, research in Data Science."
T0037,Dr. Jordan Lopez,jordan.lopez@faculty.example.edu,"Professor of Physics, research in Data Science."
T0038,Dr. Casey Perez,casey.perez@faculty.example.edu,"Professor of Arts, research in Microeconomics."
T0039,Dr. Liam Gonzalez,liam.gonzalez@faculty.example.edu,"Professor of Computer Science, research in AI."
T0040,Dr. Logan Rodriguez,logan.rodriguez@faculty.example.edu,"Professor of Biology, research in AI."
T0041,Dr. Avery Lee,avery.lee@faculty.example.edu,"Professor of History, research in Data Science."
T0042,Dr. Isabella Rodriguez,isabella.rodriguez@faculty.example.edu,"Professor of Arts, research in Linguistics."
T0043,Dr. Isabella Martin,isabella.martin@faculty.example.edu,"Professor of Arts, research in Linguistics."
T0044,Dr. Liam Lopez,liam.lopez@faculty.example.edu,"Professor of History, research in AI."
T0045,Dr. Mia Davis,mia.davis@faculty.example.edu,"Professor of Biology, research in Linguistics."
T0046,Dr. Dylan Miller,dylan.miller@faculty.example.edu,"Professor of Arts, research in Quantum Physics."
T0047,Dr. Jordan Lopez,jordan.lopez@faculty.example.edu,"Professor of Physics, research in Genetics."
T0048,Dr. Mia Thomas,mia.thomas@faculty.example.edu,"Professor of Physics, research in Quantum Physics."
T0049,Dr. Emma Martin,emma.martin@faculty.example.edu,"Professor of Physics, research in AI."
T0050,Dr. Morgan Martin,morgan.martin@faculty.example.edu,"Professor of Arts, research in Linguistics."
T0051,Dr. Dylan Jackson,dylan.jackson@faculty.example.edu,"Professor of History, research in Microeconomics."
T0052,Dr. Sydney Hernandez,sydney.hernandez@faculty.example.edu,"Professor of Mathematics, research in Quantum Physics."
T0053,Dr. Riley Hernandez,riley.hernandez@faculty.example.edu,"Professor of Physics, research in Linguistics."
T0054,Dr. Isabella Lopez,isabella.lopez@faculty.example.edu,"Professor of Mathematics, research in Genetics."
T0055,Dr. Logan Harris,logan.harris@faculty.example.edu,"Professor of Mathematics, research in Modern Art."
T0056,Dr. Emma Lee,emma.lee@faculty.example.edu,"Professor of Business, research in Linguistics."
T0057,Dr. Jordan Garcia,jordan.garcia@faculty.example.edu,"Professor of Biology, research in AI."
T0058,Dr. Hayden Lopez,hayden.lopez@faculty.example.edu,"Professor of Arts, research in Modern Art."
T0059,Dr. Devin Jackson,devin.jackson@faculty.example.edu,"Professor of Physics, research in AI."
T0060,Dr. Sydney Hernandez,sydney.hernandez@faculty.example.edu,"Professor of Arts, research in AI."
T0061,Dr. Sydney Brown,sydney.brown@faculty.example.edu,"Professor of Biology, research in Linguistics."
T0062,Dr. Logan Wilson,logan.wilson@faculty.example.edu,"Professor of Physics, research in Modern Art."
T0063,Dr. Elliot Jackson,elliot.jackson@faculty.example.edu,"Professor of Mathematics, research in AI."
T0064,Dr. Sam Hernandez,sam.hernandez@faculty.example.edu,"Professor of Languages, research in Microeconomics."
T0065,Dr. Mia Jackson,mia.jackson@faculty.example.edu,"Professor of Biology, research in AI."
T0066,Dr. Sam Wilson,sam.wilson@faculty.example.edu,"Professor of History, research in AI."
T0067,Dr. Ava Thompson,ava.thompson@faculty.example.edu,"Professor of Physics, research in Data Science."
T0068,Dr. Sydney Wilson,sydney.wilson@faculty.example.edu,"Professor of Languages, research in Microeconomics."
T0069,Dr. Quinn Lee,quinn.lee@faculty.example.edu,"Professor of Languages, research in Genetics."
T0070,Dr. Harper White,harper.white@faculty.example.edu,"Professor of Computer Science, research in AI."
T0071,Dr. Blake Gonzalez,blake.gonzalez@faculty.example.edu,"Professor of Languages, research in Data Science."
T0072,Dr. Quinn White,quinn.white@faculty.example.edu,"Professor of Mathematics, research in Quantum Physics."
T0073,Dr. Jordan Thompson,jordan.thompson@faculty.example.edu,"Professor of Languages, research in AI."
T0074,Dr. Isabella Martinez,isabella.martinez@faculty.example.edu,"Professor of Computer Science, research in Linguistics."
T0075,Dr. Jamie Martinez,jamie.martinez@faculty.example.edu,"Professor of Arts, research in Genetics."
T0076,Dr. Logan Anderson,logan.anderson@faculty.example.edu,"Professor of Languages, research in Linguistics."
T0077,Dr. Dylan White,dylan.white@faculty.example.edu,"Professor of Computer Science, research in AI."
T0078,Dr. Mia Taylor,mia.taylor@faculty.example.edu,"Professor of Business, research in AI."
T0079,Dr. Skyler Brown,skyler.brown@faculty.example.edu,"Professor of Mathematics, research in Genetics."
T0080,Dr. Hayden Gonzalez,hayden.gonzalez@faculty.example.edu,"Professor of Business, research in Linguistics."
T0081,Dr. Emma Jackson,emma.jackson@faculty.example.edu,"Professor of Physics, research in Linguistics."
T0082,Dr. Taylor Anderson,taylor.anderson@faculty.example.edu,"Professor of Arts, research in AI."
T0083,Dr. Sam Davis,sam.davis@faculty.example.edu,"Professor of Mathematics, research in Modern Art."
T0084,Dr. Riley Thompson,riley.thompson@faculty.example.edu,"Professor of Arts, research in Linguistics."
T0085,Dr. Avery Johnson,avery.johnson@faculty.example.edu,"Professor of Arts, research in Linguistics."
T0086,Dr. Cameron Miller,cameron.miller@faculty.example.edu,"Professor of Mathematics, research in AI."
T0087,Dr. Morgan Thompson,morgan.thompson@faculty.example.edu,"Professor of Languages, research in Microeconomics."
T0088,Dr. Liam Martinez,liam.martinez@faculty.example.edu,"Professor of Biology, research in AI."
T0089,Dr. Alex Gonzalez,alex.gonzalez@faculty.example.edu,"Professor of Biology, research in Modern Art."
T0090,Dr. Logan Miller,logan.miller@faculty.example.edu,"Professor of Languages, research in Genetics."
T0091,Dr. Jamie Rodriguez,jamie.rodriguez@faculty.example.edu,"Professor of Computer Science, research in Modern Art."
T0092,Dr. Liam Smith,liam.smith@faculty.example.edu,"Professor of Business, research in Modern Art."
T0093,Dr. Casey Thomas,casey.thomas@faculty.example.edu,"Professor of Languages, research in AI."
T0094,Dr. Logan Thomas,logan.thomas@faculty.example.edu,"Professor of Mathematics, research in Data Science."
T0095,Dr. Ava Anderson,ava.anderson@faculty.example.edu,"Professor of Biology, research in Microeconomics."
T0096,Dr. Noah Taylor,noah.taylor@faculty.example.edu,"Professor of Arts, research in AI."
T0097,Dr. Dylan Brown,dylan.brown@faculty.example.edu,"Professor of Mathematics, research in Quantum Physics."
T0098,Dr. Morgan Martin,morgan.martin@faculty.example.edu,"Professor of History, research in Quantum Physics."
T0099,Dr. Olivia Sanchez,olivia.sanchez@faculty.example.edu,"Professor of Languages, research in Data Science."
T0100,Dr. Skyler Thompson,skyler.thompson@faculty.example.edu,"Professor of History, research in Genetics."
